{"P-373583": [[18134300, "2 HOUR METERED PARKING 8AM-7PM EXCEPT SUNDAY", [-74.13635949265111, 40.63348503435664]], [18134301, "NO STANDING ANYTIME", [-74.13614689557281, 40.63379371086361]], [18134302, "2 HOUR METERED PARKING 8AM-7PM EXCEPT SUNDAY", [-74.13614689557281, 40.63379371086361]], [[40.63348503435664, -74.13635949265111], [40.63379371086361, -74.13614689557281]]], "P-287887": [[18134296, "1 HOUR METERED PARKING 8AM-7PM EXCEPT SUNDAY", [-74.13180531230859, 40.61307213814113]], [18134297, "NO PARKING ANYTIME", [-74.13208827683376, 40.61323401176669]], [18134298, "1 HOUR METERED PARKING 8AM-7PM EXCEPT SUNDAY", [-74.13208827683376, 40.61323401176669]], [18134299, "NO PARKING ANYTIME", [-74.13208827683376, 40.61323401176669]], [[40.61307213814113, -74.13180531230859], [40.61323401176669, -74.13208827683376]]], "P-273491": [[18134283, "NO STANDING ANYTIME", [-74.20044892779019, 40.52471221761292]], [18134284, "NO STANDING ANYTIME (SINGLE ARROW)", [-74.20050457600445, 40.52480145665517]], [18134285, "1 HOUR PARKING 8AM-7PM EXCEPT SUNDAY (ARROW)", [-74.20050457600445, 40.52480145665517]], [18134286, "1 HOUR PARKING 8AM-7PM EXCEPT SUNDAY (ARROW)", [-74.20064979901196, 40.525031433433576]], [18134287, "BUS STOP SIGN (BUS & HANDICAP SYMBOLS) NO STANDING", [-74.20082689339687, 40.52530143328194]], [18134288, "NO STANDING W/ SINGLE ARROW (TIMES & DAY(S) TO BE SPECIFIED) (THIS SIGN IS TO BE USED ONLY WITH THE CIRCULAR TYPE BUS SIGNS)", [-74.20082689339687, 40.52530143328194]], [18134289, "M 18 LTD  8 STREET/4 AVENUE  (TYPICAL BUS ROUTE/DESTINATION PANEL", [-74.20082689339687, 40.52530143328194]], [18134290, "14 STREET & UNION SQ (BOTTOM LOCATION PANEL)", [-74.20082689339687, 40.52530143328194]], [18134291, "NO STANDING ANYTIME", [-74.20092713218348, 40.525453741096406]], [18134292, "NO STANDING ANYTIME", [-74.20102837743502, 40.52560230265432]], [18134293, "NO STANDING ANYTIME", [-74.20114205508669, 40.525773744629085]], [18134294, "NO STANDING ANYTIME", [-74.20126744941159, 40.52595605155999]], [18134295, "NO STANDING ANYTIME", [-74.20141498449419, 40.52618516510014]], [[40.52471221761292, -74.20044892779019], [40.52618516510014, -74.20141498449419]]]}